strain,insertion: 1bp @ ref pos 1701,insertion: 1bp @ ref pos 4320,insertion: 9bp @ ref pos 11279,insertion: 9bp @ ref pos 11284,insertion: 9bp @ ref pos 21645,insertion: 3bp @ ref pos 25699,insertion: 9bp @ ref pos 28373,insertion: 9bp @ ref pos 28375,insertion: 10bp @ ref pos 29734
hCoV-19/Brazil/RS-LACENRS-431776326/2022,T,,,,,,,,
hCoV-19/Brazil/MG-LBI_714/2022,,T,,,,,,,
hCoV-19/Brazil/RS-LBI-3117/2022,,,CTAGTTTGT,,,,,,
hCoV-19/Brazil/MG-FUNED-311296087/2022,,,CTAGTTTGT,,,,,,ACAGTGAACG
hCoV-19/Brazil/RS-LBI-4541/2022,,,CTAGTTTG,,,,,CGC,
hCoV-19/Brazil/RS-LBI-4684/2022,,,CTAGTTTG,,,,,,
hCoV-19/Brazil/RS-LMM-72980/2022,,,,,CTAT,,,,
hCoV-19/Brazil/RS-LMM-73022/2022,,,,,CAT,,G,,
hCoV-19/Brazil/RS-FIOCRUZ-490/2023,,,,,,CCC,,,
